"Path","Lines"
"compat/legacy-hsr/migrate.ts","791"
"models/teyvat/runtimeSlices.ts","626"
"data/codexIdentityRegistry.ts","465"
"compat/legacy-hsr/models/courier.ts","320"
"data/codexCustomGovernance.ts","296"
"services/ai/openingArchive.ts","281"
"models/stTypes.ts","257"
"utils/presetMerger.ts","256"
"utils/variablePath.ts","237"
"models/teyvat/elementalGauge.ts","232"
"hooks/useGame/courierBackgroundJobs.ts","211"
"components/features/Settings/NsfwSettingsTab.tsx","176"
"components/layout/AppPanels.tsx","171"
"models/teyvat/world.ts","158"
"data/weatherRules.ts","156"
"components/layout/RightMenu.tsx","143"
"services/elementalAttunementService.ts","139"
"components/features/GameSystems/IrminsulPanel.tsx","136"
"compat/legacy-hsr/models/steambird.ts","136"
"data/modelRecommendations.ts","131"
"hooks/useGame/npcPresence.ts","128"
"components/features/Settings/ThemeSettings.tsx","115"
"components/features/GameSystems/SteambirdPanel.tsx","113"
"components/features/GameSystems/PathPanel.tsx","111"
"components/features/GameSystems/MapPanel.tsx","103"
"hooks/useGame/worldEvolution.ts","97"
"data/companionArchiveWorldbook.ts","88"
"data/regionVisuals.ts","82"
"compat/legacy-hsr/classify.ts","78"
"utils/toastStore.ts","78"
"components/ui/ToastHost.tsx","77"
"data/courierWorldbook.ts","76"
"models/teyvat/map.ts","76"
"components/layout/SystemDrawer.tsx","75"
"data/steambirdWorldbook.ts","72"
"data/canonicalTravelerPresets.ts","69"
"components/features/Path/PathDebugView.tsx","64"
"utils/visibilityBufferedPublisher.ts","58"
"services/cloudBackupMergePlan.ts","58"
"models/teyvat/domainCommand.ts","56"
"functions/api/auth/_shared.ts","50"
"models/plot.ts","44"
"utils/rafCoalescedSetter.ts","43"
"models/index.ts","42"
"data/builtinAvatars.ts","42"
"hooks/useTeyvatRuntime.ts","42"
"compat/legacy-hsr/types.ts","41"
"models/teyvat/irminsul.ts","41"
"data/openingWorldbookPreset.ts","39"
"services/ai/retry.ts","38"
"compat/legacy-hsr/models/irminsul.ts","33"
"components/features/Path/PathAwakeningInvitation.tsx","29"
"models/teyvat/elements.ts","27"
"utils/streamingMessageStore.ts","26"
"data/homeBackgrounds.ts","24"
"data/openingCompanionScenes.ts","24"
"components/ui/Icons.tsx","24"
"data/questPresets.ts","20"
"prompts/narrative/elementalEchoPrompt.ts","19"
"utils/tokenEstimate.ts","18"
"components/features/Settings/TavernPresetsSettingsTab.tsx","16"
"data/characterPresets.ts","16"
"models/teyvat/index.ts","16"
"prompts/subsystems/codexPrompt.ts","16"
"prompts/subsystems/courierPrompt.ts","14"
"compat/legacy-hsr/report.ts","13"
"prompts/subsystems/steambirdPrompt.ts","12"
"data/lore/openingCoreLore.ts","9"
"data/worldbookPresets.ts","9"
"prompts/subsystems/courierOutputFormat.ts","9"
"data/timePeriodPresets.ts","8"
"data/storyWeavingWorldbook.ts","7"
"prompts/subsystems/courierStyle.ts","7"
"components/features/Settings/WorldbookManagerModal.tsx","0"
